time_s,curr_x,curr_y,curr_z,tgt_x,tgt_y,tgt_z,vel_x,vel_y,vel_z,roll_rad,pitch_rad,yaw_rad
0.086,-0.3537,-0.1005,2.0017,2.0000,1.0000,3.0000,0.0036,-0.0059,0.0137,-0.0549,0.0064,0.0110
0.183,-0.3529,-0.1006,2.0050,2.0000,1.0000,3.0000,0.0150,0.0058,0.0589,-0.0767,0.0323,0.0101
0.286,-0.3489,-0.0978,2.0151,2.0000,1.0000,3.0000,0.0790,0.0595,0.1480,-0.1144,0.0863,0.0078
0.383,-0.3360,-0.0881,2.0342,2.0000,1.0000,3.0000,0.1869,0.1388,0.2329,-0.1456,0.1434,0.0060
0.483,-0.3083,-0.0681,2.0628,2.0000,1.0000,3.0000,0.3590,0.2541,0.3291,-0.1658,0.1870,0.0069
0.584,-0.2612,-0.0355,2.1011,2.0000,1.0000,3.0000,0.5670,0.3868,0.4264,-0.1749,0.2105,0.0107
0.683,-0.1924,0.0107,2.1493,2.0000,1.0000,3.0000,0.7876,0.5248,0.5265,-0.1739,0.2133,0.0157
0.784,-0.1018,0.0706,2.2075,2.0000,1.0000,3.0000,1.0187,0.6690,0.6403,-0.1640,0.1981,0.0202
0.883,0.0086,0.1428,2.2760,2.0000,1.0000,3.0000,1.1841,0.7719,0.7350,-0.1474,0.1715,0.0226
0.985,0.1492,0.2341,2.3635,2.0000,1.0000,3.0000,1.3481,0.8718,0.8485,-0.1270,0.1409,0.0227
1.083,0.2759,0.3157,2.4438,2.0000,1.0000,3.0000,1.4497,0.9295,0.9282,-0.1054,0.1115,0.0212
1.183,0.4256,0.4110,2.5390,2.0000,1.0000,3.0000,1.5298,0.9661,0.9691,-0.0831,0.0864,0.0193
1.283,0.5816,0.5084,2.6357,2.0000,1.0000,3.0000,1.5762,0.9713,0.9648,-0.0489,0.0486,0.0184
1.383,0.7399,0.6042,2.7292,2.0000,1.0000,3.0000,1.5737,0.9360,0.9171,-0.0022,-0.0151,0.0176
1.483,0.8946,0.6941,2.8160,2.0000,1.0000,3.0000,1.5119,0.8611,0.8340,0.0376,-0.0828,0.0160
1.583,1.0401,0.7748,2.8930,2.0000,1.0000,3.0000,1.3986,0.7572,0.7239,0.0655,-0.1362,0.0153
1.683,1.1721,0.8439,2.9585,2.0000,1.0000,3.0000,1.2491,0.6348,0.6021,0.0805,-0.1707,0.0163
1.783,1.2877,0.9002,3.0120,2.0000,1.0000,3.0000,1.0780,0.5039,0.4829,0.0836,-0.1873,0.0183
1.883,1.3857,0.9434,3.0542,2.0000,1.0000,3.0000,0.8985,0.3731,0.3752,0.0790,-0.1895,0.0200
1.983,1.4657,0.9737,3.0865,2.0000,1.0000,3.0000,0.7213,0.2486,0.2825,0.0683,-0.1804,0.0207
2.084,1.5286,0.9923,3.1107,2.0000,1.0000,3.0000,0.5397,0.1259,0.2019,0.0526,-0.1625,0.0202
2.184,1.5758,1.0005,3.1282,2.0000,1.0000,3.0000,0.4080,0.0406,0.1507,0.0342,-0.1391,0.0187
2.291,1.6096,1.0002,3.1409,2.0000,1.0000,3.0000,0.2839,-0.0361,0.1079,0.0144,-0.1126,0.0165
2.384,1.6323,0.9933,3.1499,2.0000,1.0000,3.0000,0.1770,-0.0973,0.0733,-0.0051,-0.0861,0.0142
2.483,1.6466,0.9818,3.1561,2.0000,1.0000,3.0000,0.1120,-0.1303,0.0516,-0.0231,-0.0617,0.0122
2.583,1.6549,0.9675,3.1602,2.0000,1.0000,3.0000,0.0612,-0.1509,0.0323,-0.0387,-0.0407,0.0106
2.683,1.6591,0.9520,3.1625,2.0000,1.0000,3.0000,0.0293,-0.1572,0.0161,-0.0512,-0.0241,0.0097
2.783,1.6609,0.9364,3.1633,2.0000,1.0000,3.0000,0.0117,-0.1525,0.0025,-0.0606,-0.0121,0.0094
2.884,1.6616,0.9218,3.1629,2.0000,1.0000,3.0000,0.0041,-0.1399,-0.0092,-0.0670,-0.0044,0.0095
2.983,1.6619,0.9087,3.1614,2.0000,1.0000,3.0000,0.0025,-0.1225,-0.0191,-0.0706,-0.0002,0.0098
3.089,1.6623,0.8966,3.1588,2.0000,1.0000,3.0000,0.0041,-0.1005,-0.0280,-0.0721,0.0014,0.0102
3.183,1.6627,0.8884,3.1559,2.0000,1.0000,3.0000,0.0060,-0.0823,-0.0338,-0.0715,0.0012,0.0105
3.283,1.6634,0.8813,3.1523,2.0000,1.0000,3.0000,0.0077,-0.0635,-0.0388,-0.0695,0.0002,0.0107
3.383,1.6642,0.8758,3.1482,2.0000,1.0000,3.0000,0.0082,-0.0472,-0.0425,-0.0667,-0.0012,0.0108
3.483,1.6650,0.8719,3.1438,2.0000,1.0000,3.0000,0.0076,-0.0341,-0.0451,-0.0635,-0.0025,0.0108
3.583,1.6657,0.8690,3.1392,2.0000,1.0000,3.0000,0.0061,-0.0241,-0.0467,-0.0605,-0.0034,0.0109
3.683,1.6662,0.8670,3.1345,2.0000,1.0000,3.0000,0.0039,-0.0171,-0.0475,-0.0578,-0.0039,0.0109
3.784,1.6665,0.8656,3.1297,2.0000,1.0000,3.0000,0.0017,-0.0125,-0.0476,-0.0556,-0.0041,0.0109
3.883,1.6665,0.8645,3.1250,2.0000,1.0000,3.0000,-0.0004,-0.0099,-0.0472,-0.0540,-0.0039,0.0109
3.983,1.6664,0.8636,3.1203,2.0000,1.0000,3.0000,-0.0020,-0.0087,-0.0463,-0.0528,-0.0035,0.0109
4.084,1.6661,0.8627,3.1157,2.0000,1.0000,3.0000,-0.0030,-0.0084,-0.0451,-0.0522,-0.0030,0.0109
4.183,1.6658,0.8619,3.1113,2.0000,1.0000,3.0000,-0.0035,-0.0085,-0.0437,-0.0519,-0.0025,0.0110
4.284,1.6655,0.8610,3.1070,2.0000,1.0000,3.0000,-0.0033,-0.0088,-0.0421,-0.0518,-0.0021,0.0110
4.383,1.6652,0.8601,3.1029,2.0000,1.0000,3.0000,-0.0028,-0.0091,-0.0405,-0.0519,-0.0018,0.0110
4.483,1.6649,0.8592,3.0989,2.0000,1.0000,3.0000,-0.0020,-0.0092,-0.0389,-0.0520,-0.0017,0.0110
4.583,1.6648,0.8583,3.0951,2.0000,1.0000,3.0000,-0.0010,-0.0092,-0.0373,-0.0522,-0.0017,0.0110
4.683,1.6647,0.8574,3.0915,2.0000,1.0000,3.0000,-0.0000,-0.0090,-0.0357,-0.0524,-0.0019,0.0110
4.783,1.6648,0.8565,3.0880,2.0000,1.0000,3.0000,0.0010,-0.0086,-0.0340,-0.0525,-0.0021,0.0110
4.883,1.6649,0.8556,3.0847,2.0000,1.0000,3.0000,0.0016,-0.0082,-0.0326,-0.0525,-0.0023,0.0110
4.983,1.6651,0.8548,3.0815,2.0000,1.0000,3.0000,0.0022,-0.0077,-0.0312,-0.0526,-0.0026,0.0110
5.083,1.6654,0.8541,3.0784,2.0000,1.0000,3.0000,0.0026,-0.0073,-0.0298,-0.0526,-0.0028,0.0110
5.183,1.6656,0.8534,3.0755,2.0000,1.0000,3.0000,0.0029,-0.0069,-0.0285,-0.0525,-0.0031,0.0110
5.283,1.6659,0.8527,3.0727,2.0000,1.0000,3.0000,0.0030,-0.0065,-0.0273,-0.0525,-0.0033,0.0110
5.383,1.6662,0.8521,3.0701,2.0000,1.0000,3.0000,0.0029,-0.0062,-0.0262,-0.0524,-0.0034,0.0110
5.483,1.6665,0.8515,3.0675,2.0000,1.0000,3.0000,0.0028,-0.0059,-0.0251,-0.0524,-0.0036,0.0110
5.583,1.6668,0.8509,3.0651,2.0000,1.0000,3.0000,0.0027,-0.0057,-0.0241,-0.0523,-0.0037,0.0110
5.683,1.6671,0.8504,3.0627,2.0000,1.0000,3.0000,0.0025,-0.0055,-0.0232,-0.0523,-0.0037,0.0110
5.787,1.6673,0.8498,3.0604,2.0000,1.0000,3.0000,0.0024,-0.0053,-0.0222,-0.0523,-0.0038,0.0110
5.884,1.6675,0.8493,3.0582,2.0000,1.0000,3.0000,0.0022,-0.0051,-0.0213,-0.0523,-0.0039,0.0110
5.983,1.6677,0.8488,3.0562,2.0000,1.0000,3.0000,0.0020,-0.0050,-0.0206,-0.0523,-0.0039,0.0110
6.083,1.6679,0.8483,3.0541,2.0000,1.0000,3.0000,0.0019,-0.0048,-0.0198,-0.0523,-0.0039,0.0110
6.183,1.6681,0.8478,3.0522,2.0000,1.0000,3.0000,0.0018,-0.0046,-0.0191,-0.0524,-0.0040,0.0110
6.284,1.6683,0.8474,3.0503,2.0000,1.0000,3.0000,0.0016,-0.0043,-0.0184,-0.0524,-0.0040,0.0111
6.383,1.6685,0.8470,3.0485,2.0000,1.0000,3.0000,0.0015,-0.0041,-0.0177,-0.0524,-0.0040,0.0111
6.492,1.6686,0.8465,3.0466,2.0000,1.0000,3.0000,0.0013,-0.0038,-0.0170,-0.0524,-0.0041,0.0111
6.583,1.6687,0.8462,3.0451,2.0000,1.0000,3.0000,0.0012,-0.0036,-0.0165,-0.0524,-0.0041,0.0111
6.683,1.6688,0.8459,3.0435,2.0000,1.0000,3.0000,0.0011,-0.0033,-0.0159,-0.0525,-0.0041,0.0111
6.783,1.6689,0.8456,3.0419,2.0000,1.0000,3.0000,0.0009,-0.0030,-0.0154,-0.0525,-0.0041,0.0111
6.883,1.6690,0.8453,3.0404,2.0000,1.0000,3.0000,0.0008,-0.0027,-0.0148,-0.0525,-0.0041,0.0111
6.983,1.6691,0.8450,3.0390,2.0000,1.0000,3.0000,0.0006,-0.0024,-0.0142,-0.0525,-0.0041,0.0111
7.083,1.6691,0.8448,3.0376,2.0000,1.0000,3.0000,0.0004,-0.0021,-0.0138,-0.0525,-0.0042,0.0111
7.183,1.6692,0.8446,3.0362,2.0000,1.0000,3.0000,0.0003,-0.0018,-0.0133,-0.0525,-0.0042,0.0111
7.283,1.6692,0.8444,3.0349,2.0000,1.0000,3.0000,0.0001,-0.0015,-0.0128,-0.0525,-0.0041,0.0111
7.385,1.6692,0.8443,3.0337,2.0000,1.0000,3.0000,-0.0001,-0.0012,-0.0123,-0.0525,-0.0041,0.0111
7.483,1.6692,0.8442,3.0325,2.0000,1.0000,3.0000,-0.0003,-0.0009,-0.0119,-0.0525,-0.0041,0.0111
7.583,1.6691,0.8441,3.0313,2.0000,1.0000,3.0000,-0.0004,-0.0006,-0.0115,-0.0526,-0.0041,0.0111
7.683,1.6691,0.8441,3.0302,2.0000,1.0000,3.0000,-0.0006,-0.0003,-0.0110,-0.0526,-0.0041,0.0111
7.785,1.6690,0.8441,3.0290,2.0000,1.0000,3.0000,-0.0008,-0.0000,-0.0106,-0.0526,-0.0040,0.0111
7.883,1.6689,0.8441,3.0280,2.0000,1.0000,3.0000,-0.0009,0.0002,-0.0103,-0.0526,-0.0040,0.0111
8.001,1.6688,0.8441,3.0269,2.0000,1.0000,3.0000,-0.0011,0.0006,-0.0098,-0.0526,-0.0040,0.0111
8.083,1.6687,0.8442,3.0261,2.0000,1.0000,3.0000,-0.0013,0.0009,-0.0095,-0.0527,-0.0039,0.0111
8.184,1.6686,0.8443,3.0251,2.0000,1.0000,3.0000,-0.0015,0.0012,-0.0092,-0.0527,-0.0039,0.0111
8.283,1.6684,0.8444,3.0242,2.0000,1.0000,3.0000,-0.0016,0.0015,-0.0089,-0.0527,-0.0038,0.0111
8.383,1.6683,0.8446,3.0234,2.0000,1.0000,3.0000,-0.0018,0.0018,-0.0085,-0.0527,-0.0038,0.0111
8.483,1.6681,0.8448,3.0225,2.0000,1.0000,3.0000,-0.0019,0.0021,-0.0082,-0.0527,-0.0037,0.0111
8.584,1.6679,0.8450,3.0217,2.0000,1.0000,3.0000,-0.0021,0.0024,-0.0079,-0.0527,-0.0036,0.0111
8.683,1.6677,0.8453,3.0209,2.0000,1.0000,3.0000,-0.0022,0.0027,-0.0076,-0.0527,-0.0035,0.0112
8.783,1.6674,0.8455,3.0202,2.0000,1.0000,3.0000,-0.0024,0.0030,-0.0074,-0.0527,-0.0035,0.0112
8.883,1.6672,0.8458,3.0195,2.0000,1.0000,3.0000,-0.0025,0.0032,-0.0071,-0.0528,-0.0034,0.0112
8.983,1.6669,0.8462,3.0188,2.0000,1.0000,3.0000,-0.0027,0.0035,-0.0068,-0.0528,-0.0033,0.0112
9.083,1.6666,0.8466,3.0181,2.0000,1.0000,3.0000,-0.0028,0.0038,-0.0066,-0.0528,-0.0032,0.0112
9.183,1.6663,0.8470,3.0175,2.0000,1.0000,3.0000,-0.0030,0.0041,-0.0064,-0.0528,-0.0031,0.0112
9.283,1.6660,0.8474,3.0168,2.0000,1.0000,3.0000,-0.0031,0.0043,-0.0061,-0.0528,-0.0030,0.0112
9.383,1.6657,0.8478,3.0162,2.0000,1.0000,3.0000,-0.0032,0.0046,-0.0059,-0.0528,-0.0029,0.0112
9.484,1.6654,0.8483,3.0157,2.0000,1.0000,3.0000,-0.0034,0.0049,-0.0057,-0.0529,-0.0028,0.0112
9.583,1.6650,0.8488,3.0151,2.0000,1.0000,3.0000,-0.0035,0.0051,-0.0055,-0.0529,-0.0027,0.0112
9.683,1.6647,0.8493,3.0146,2.0000,1.0000,3.0000,-0.0036,0.0054,-0.0053,-0.0529,-0.0026,0.0112
9.784,1.6643,0.8499,3.0140,2.0000,1.0000,3.0000,-0.0038,0.0056,-0.0051,-0.0529,-0.0025,0.0112
9.883,1.6639,0.8505,3.0136,2.0000,1.0000,3.0000,-0.0039,0.0059,-0.0049,-0.0529,-0.0024,0.0112
9.983,1.6635,0.8511,3.0131,2.0000,1.0000,3.0000,-0.0040,0.0061,-0.0047,-0.0529,-0.0023,0.0112
10.083,1.6631,0.8517,3.0126,2.0000,1.0000,3.0000,-0.0041,0.0064,-0.0046,-0.0530,-0.0022,0.0112
10.183,1.6627,0.8523,3.0122,2.0000,1.0000,3.0000,-0.0042,0.0066,-0.0044,-0.0530,-0.0020,0.0112
10.283,1.6623,0.8530,3.0117,2.0000,1.0000,3.0000,-0.0043,0.0069,-0.0043,-0.0530,-0.0019,0.0112
10.384,1.6618,0.8537,3.0113,2.0000,1.0000,3.0000,-0.0044,0.0071,-0.0041,-0.0530,-0.0018,0.0112
10.483,1.6614,0.8544,3.0109,2.0000,1.0000,3.0000,-0.0045,0.0073,-0.0040,-0.0530,-0.0016,0.0113
10.583,1.6610,0.8552,3.0105,2.0000,1.0000,3.0000,-0.0046,0.0075,-0.0038,-0.0530,-0.0015,0.0113
10.683,1.6605,0.8559,3.0101,2.0000,1.0000,3.0000,-0.0046,0.0077,-0.0037,-0.0530,-0.0014,0.0113
10.783,1.6600,0.8567,3.0098,2.0000,1.0000,3.0000,-0.0047,0.0079,-0.0035,-0.0530,-0.0012,0.0113
10.883,1.6595,0.8575,3.0094,2.0000,1.0000,3.0000,-0.0048,0.0080,-0.0034,-0.0530,-0.0011,0.0113
10.983,1.6591,0.8583,3.0091,2.0000,1.0000,3.0000,-0.0048,0.0082,-0.0033,-0.0531,-0.0010,0.0113
11.084,1.6586,0.8592,3.0088,2.0000,1.0000,3.0000,-0.0049,0.0084,-0.0032,-0.0531,-0.0008,0.0113
11.183,1.6581,0.8600,3.0085,2.0000,1.0000,3.0000,-0.0050,0.0086,-0.0031,-0.0531,-0.0007,0.0113
11.286,1.6576,0.8609,3.0082,2.0000,1.0000,3.0000,-0.0050,0.0087,-0.0030,-0.0531,-0.0005,0.0113
11.383,1.6571,0.8617,3.0079,2.0000,1.0000,3.0000,-0.0050,0.0088,-0.0028,-0.0531,-0.0004,0.0113
11.483,1.6566,0.8626,3.0076,2.0000,1.0000,3.0000,-0.0051,0.0090,-0.0027,-0.0531,-0.0003,0.0113
11.587,1.6561,0.8635,3.0073,2.0000,1.0000,3.0000,-0.0051,0.0091,-0.0027,-0.0531,-0.0001,0.0113
11.683,1.6556,0.8645,3.0071,2.0000,1.0000,3.0000,-0.0052,0.0092,-0.0026,-0.0531,0.0001,0.0113
11.787,1.6550,0.8654,3.0068,2.0000,1.0000,3.0000,-0.0052,0.0093,-0.0025,-0.0531,0.0002,0.0113
11.883,1.6545,0.8663,3.0066,2.0000,1.0000,3.0000,-0.0052,0.0094,-0.0024,-0.0532,0.0003,0.0113
11.984,1.6540,0.8673,3.0063,2.0000,1.0000,3.0000,-0.0052,0.0095,-0.0023,-0.0532,0.0005,0.0114
12.083,1.6535,0.8682,3.0061,2.0000,1.0000,3.0000,-0.0053,0.0096,-0.0022,-0.0532,0.0007,0.0114
12.190,1.6529,0.8693,3.0059,2.0000,1.0000,3.0000,-0.0053,0.0097,-0.0021,-0.0532,0.0008,0.0114
12.283,1.6524,0.8702,3.0057,2.0000,1.0000,3.0000,-0.0053,0.0098,-0.0021,-0.0532,0.0010,0.0114
12.383,1.6519,0.8711,3.0055,2.0000,1.0000,3.0000,-0.0053,0.0098,-0.0020,-0.0532,0.0011,0.0114
12.490,1.6514,0.8721,3.0053,2.0000,1.0000,3.0000,-0.0053,0.0098,-0.0019,-0.0532,0.0013,0.0114
12.583,1.6508,0.8731,3.0051,2.0000,1.0000,3.0000,-0.0053,0.0099,-0.0018,-0.0532,0.0014,0.0114
12.683,1.6503,0.8741,3.0049,2.0000,1.0000,3.0000,-0.0052,0.0099,-0.0018,-0.0532,0.0016,0.0114
12.783,1.6498,0.8751,3.0048,2.0000,1.0000,3.0000,-0.0052,0.0099,-0.0017,-0.0532,0.0017,0.0114
12.885,1.6492,0.8762,3.0046,2.0000,1.0000,3.0000,-0.0052,0.0099,-0.0016,-0.0532,0.0019,0.0114
12.983,1.6488,0.8771,3.0044,2.0000,1.0000,3.0000,-0.0051,0.0099,-0.0016,-0.0532,0.0020,0.0114
13.083,1.6482,0.8780,3.0043,2.0000,1.0000,3.0000,-0.0051,0.0098,-0.0015,-0.0532,0.0021,0.0114
13.183,1.6477,0.8790,3.0041,2.0000,1.0000,3.0000,-0.0051,0.0098,-0.0015,-0.0532,0.0023,0.0114
13.283,1.6472,0.8800,3.0040,2.0000,1.0000,3.0000,-0.0050,0.0098,-0.0014,-0.0532,0.0024,0.0115
13.383,1.6467,0.8810,3.0038,2.0000,1.0000,3.0000,-0.0050,0.0097,-0.0014,-0.0532,0.0026,0.0115
13.483,1.6462,0.8819,3.0037,2.0000,1.0000,3.0000,-0.0049,0.0097,-0.0013,-0.0532,0.0027,0.0115
13.584,1.6457,0.8829,3.0036,2.0000,1.0000,3.0000,-0.0049,0.0096,-0.0013,-0.0532,0.0028,0.0115
13.683,1.6453,0.8839,3.0034,2.0000,1.0000,3.0000,-0.0048,0.0095,-0.0012,-0.0532,0.0030,0.0115
13.787,1.6448,0.8848,3.0033,2.0000,1.0000,3.0000,-0.0048,0.0094,-0.0012,-0.0532,0.0031,0.0115
13.886,1.6443,0.8857,3.0032,2.0000,1.0000,3.0000,-0.0047,0.0093,-0.0012,-0.0533,0.0032,0.0115
13.983,1.6438,0.8867,3.0031,2.0000,1.0000,3.0000,-0.0046,0.0092,-0.0011,-0.0533,0.0033,0.0115
14.085,1.6434,0.8876,3.0030,2.0000,1.0000,3.0000,-0.0046,0.0091,-0.0011,-0.0533,0.0034,0.0115
14.183,1.6429,0.8885,3.0029,2.0000,1.0000,3.0000,-0.0045,0.0090,-0.0010,-0.0532,0.0036,0.0115
